supplier_id,recommendation,priority
SUP000001,Increase product batch quality inspections. Demand corrective actions plan. Schedule formal compliance and regulatory audit checklist reviews.,High
SUP000002,Continue current partnership cadence. Perform standard quarterly reviews.,Low
SUP000003,Continue current partnership cadence. Perform standard quarterly reviews.,Low
SUP000004,Continue current partnership cadence. Perform standard quarterly reviews.,Low
SUP000005,Continue current partnership cadence. Perform standard quarterly reviews.,Low
SUP000006,Schedule formal compliance and regulatory audit checklist reviews.,High
SUP000007,Schedule formal compliance and regulatory audit checklist reviews.,High
SUP000008,Continue current partnership cadence. Perform standard quarterly reviews.,Low
SUP000009,Continue current partnership cadence. Perform standard quarterly reviews.,Low
SUP000010,Reduce financial dependency. Consider onboarding secondary options. Increase product batch quality inspections. Demand corrective actions plan.,High
SUP000011,Continue current partnership cadence. Perform standard quarterly reviews.,Low
SUP000012,Continue current partnership cadence. Perform standard quarterly reviews.,Low
SUP000013,Schedule formal compliance and regulatory audit checklist reviews.,High
SUP000014,Continue current partnership cadence. Perform standard quarterly reviews.,Low
SUP000015,Continue current partnership cadence. Perform standard quarterly reviews.,Low
SUP000016,Reduce financial dependency. Consider onboarding secondary options. Increase product batch quality inspections. Demand corrective actions plan. Schedule formal compliance and regulatory audit checklist reviews.,High
SUP000017,Continue current partnership cadence. Perform standard quarterly reviews.,Low
SUP000018,Reduce financial dependency. Consider onboarding secondary options.,Low
SUP000019,Conduct standard monitoring. Maintain standard delivery safety stocks.,Low
SUP000020,Continue current partnership cadence. Perform standard quarterly reviews.,Low
SUP000021,Continue current partnership cadence. Perform standard quarterly reviews.,Low
SUP000022,Increase product batch quality inspections. Demand corrective actions plan.,Low
SUP000023,Schedule formal compliance and regulatory audit checklist reviews.,High
SUP000024,Reduce financial dependency. Consider onboarding secondary options. Increase product batch quality inspections. Demand corrective actions plan.,High
SUP000025,Continue current partnership cadence. Perform standard quarterly reviews.,Low
SUP000026,Continue current partnership cadence. Perform standard quarterly reviews.,Low
SUP000027,Continue current partnership cadence. Perform standard quarterly reviews.,Low
SUP000028,Continue current partnership cadence. Perform standard quarterly reviews.,Low
SUP000029,Continue current partnership cadence. Perform standard quarterly reviews.,Low
SUP000030,Reduce financial dependency. Consider onboarding secondary options. Increase safety inventory buffer by 15-20% to mitigate transportation delays. Increase product batch quality inspections. Demand corrective actions plan.,High
SUP000031,Continue current partnership cadence. Perform standard quarterly reviews.,Low
SUP000032,Reduce financial dependency. Consider onboarding secondary options. Increase safety inventory buffer by 15-20% to mitigate transportation delays. Increase product batch quality inspections. Demand corrective actions plan.,High
SUP000033,Continue current partnership cadence. Perform standard quarterly reviews.,Low
SUP000034,Conduct standard monitoring. Maintain standard delivery safety stocks.,Low
SUP000035,Continue current partnership cadence. Perform standard quarterly reviews.,Low
SUP000036,Continue current partnership cadence. Perform standard quarterly reviews.,Low
SUP000037,Continue current partnership cadence. Perform standard quarterly reviews.,Low
SUP000038,Continue current partnership cadence. Perform standard quarterly reviews.,Low
SUP000039,Continue current partnership cadence. Perform standard quarterly reviews.,Low
SUP000040,Continue current partnership cadence. Perform standard quarterly reviews.,Low
SUP000041,Continue current partnership cadence. Perform standard quarterly reviews.,Low
SUP000042,Continue current partnership cadence. Perform standard quarterly reviews.,Low
SUP000043,Reduce financial dependency. Consider onboarding secondary options. Increase product batch quality inspections. Demand corrective actions plan.,Medium
SUP000044,Schedule formal compliance and regulatory audit checklist reviews.,High
SUP000045,Continue current partnership cadence. Perform standard quarterly reviews.,Low
SUP000046,Conduct standard monitoring. Maintain standard delivery safety stocks.,Low
SUP000047,Reduce financial dependency. Consider onboarding secondary options. Increase safety inventory buffer by 15-20% to mitigate transportation delays. Increase product batch quality inspections. Demand corrective actions plan. IMMEDIATE ACTION: Initiate vendor offboarding. Activate backup supply lines.,Critical
SUP000048,Continue current partnership cadence. Perform standard quarterly reviews.,Low
SUP000049,Continue current partnership cadence. Perform standard quarterly reviews.,Low
SUP000050,Reduce financial dependency. Consider onboarding secondary options. Increase safety inventory buffer by 15-20% to mitigate transportation delays. Increase product batch quality inspections. Demand corrective actions plan.,High
SUP000051,Continue current partnership cadence. Perform standard quarterly reviews.,Low
SUP000052,Continue current partnership cadence. Perform standard quarterly reviews.,Low
SUP000053,Continue current partnership cadence. Perform standard quarterly reviews.,Low
SUP000054,Reduce financial dependency. Consider onboarding secondary options. Increase product batch quality inspections. Demand corrective actions plan.,Low
SUP000055,Continue current partnership cadence. Perform standard quarterly reviews.,Low
SUP000056,Continue current partnership cadence. Perform standard quarterly reviews.,Low
SUP000057,Conduct standard monitoring. Maintain standard delivery safety stocks.,Medium
SUP000058,Reduce financial dependency. Consider onboarding secondary options. Increase product batch quality inspections. Demand corrective actions plan.,High
SUP000059,Continue current partnership cadence. Perform standard quarterly reviews.,Low
SUP000060,Continue current partnership cadence. Perform standard quarterly reviews.,Low
SUP000061,Continue current partnership cadence. Perform standard quarterly reviews.,Low
SUP000062,Continue current partnership cadence. Perform standard quarterly reviews.,Low
SUP000063,Continue current partnership cadence. Perform standard quarterly reviews.,Low
SUP000064,Continue current partnership cadence. Perform standard quarterly reviews.,Low
SUP000065,Continue current partnership cadence. Perform standard quarterly reviews.,Low
SUP000066,Continue current partnership cadence. Perform standard quarterly reviews.,Low
SUP000067,Reduce financial dependency. Consider onboarding secondary options. Increase product batch quality inspections. Demand corrective actions plan.,Low
SUP000068,Reduce financial dependency. Consider onboarding secondary options. Increase safety inventory buffer by 15-20% to mitigate transportation delays. Increase product batch quality inspections. Demand corrective actions plan.,High
SUP000069,Continue current partnership cadence. Perform standard quarterly reviews.,Low
SUP000070,Conduct standard monitoring. Maintain standard delivery safety stocks.,Low
SUP000071,Continue current partnership cadence. Perform standard quarterly reviews.,Low
SUP000072,Continue current partnership cadence. Perform standard quarterly reviews.,Low
SUP000073,Continue current partnership cadence. Perform standard quarterly reviews.,Low
SUP000074,Continue current partnership cadence. Perform standard quarterly reviews.,Low
SUP000075,Continue current partnership cadence. Perform standard quarterly reviews.,Low
SUP000076,Conduct standard monitoring. Maintain standard delivery safety stocks.,Low
SUP000077,Schedule formal compliance and regulatory audit checklist reviews.,High
SUP000078,Continue current partnership cadence. Perform standard quarterly reviews.,Low
SUP000079,Reduce financial dependency. Consider onboarding secondary options. Increase safety inventory buffer by 15-20% to mitigate transportation delays. Increase product batch quality inspections. Demand corrective actions plan.,High
SUP000080,Continue current partnership cadence. Perform standard quarterly reviews.,Low
SUP000081,Reduce financial dependency. Consider onboarding secondary options. Increase product batch quality inspections. Demand corrective actions plan.,Medium
SUP000082,Continue current partnership cadence. Perform standard quarterly reviews.,Low
SUP000083,Continue current partnership cadence. Perform standard quarterly reviews.,Low
SUP000084,Continue current partnership cadence. Perform standard quarterly reviews.,Low
SUP000085,Schedule formal compliance and regulatory audit checklist reviews.,High
SUP000086,Continue current partnership cadence. Perform standard quarterly reviews.,Low
SUP000087,Continue current partnership cadence. Perform standard quarterly reviews.,Low
SUP000088,Continue current partnership cadence. Perform standard quarterly reviews.,Low
SUP000089,Continue current partnership cadence. Perform standard quarterly reviews.,Low
SUP000090,Continue current partnership cadence. Perform standard quarterly reviews.,Low
SUP000091,Conduct standard monitoring. Maintain standard delivery safety stocks.,Low
SUP000092,Schedule formal compliance and regulatory audit checklist reviews.,High
SUP000093,Continue current partnership cadence. Perform standard quarterly reviews.,Low
SUP000094,Continue current partnership cadence. Perform standard quarterly reviews.,Low
SUP000095,Reduce financial dependency. Consider onboarding secondary options. Increase product batch quality inspections. Demand corrective actions plan.,High
SUP000096,Continue current partnership cadence. Perform standard quarterly reviews.,Low
SUP000097,Continue current partnership cadence. Perform standard quarterly reviews.,Low
SUP000098,Continue current partnership cadence. Perform standard quarterly reviews.,Low
SUP000099,Continue current partnership cadence. Perform standard quarterly reviews.,Low
SUP000100,Conduct standard monitoring. Maintain standard delivery safety stocks.,Low
SUP000101,Continue current partnership cadence. Perform standard quarterly reviews.,Low
SUP000102,Schedule formal compliance and regulatory audit checklist reviews.,High
SUP000103,Continue current partnership cadence. Perform standard quarterly reviews.,Low
SUP000104,Schedule formal compliance and regulatory audit checklist reviews.,High
SUP000105,Reduce financial dependency. Consider onboarding secondary options.,Low
SUP000106,Continue current partnership cadence. Perform standard quarterly reviews.,Low
SUP000107,Continue current partnership cadence. Perform standard quarterly reviews.,Low
SUP000108,Continue current partnership cadence. Perform standard quarterly reviews.,Low
SUP000109,Continue current partnership cadence. Perform standard quarterly reviews.,Low
SUP000110,Reduce financial dependency. Consider onboarding secondary options. Schedule formal compliance and regulatory audit checklist reviews.,High
SUP000111,Continue current partnership cadence. Perform standard quarterly reviews.,Low
SUP000112,Continue current partnership cadence. Perform standard quarterly reviews.,Low
SUP000113,Reduce financial dependency. Consider onboarding secondary options. Increase product batch quality inspections. Demand corrective actions plan.,High
SUP000114,Continue current partnership cadence. Perform standard quarterly reviews.,Low
SUP000115,Continue current partnership cadence. Perform standard quarterly reviews.,Low
SUP000116,Increase safety inventory buffer by 15-20% to mitigate transportation delays. Increase product batch quality inspections. Demand corrective actions plan.,High
SUP000117,Continue current partnership cadence. Perform standard quarterly reviews.,Low
SUP000118,Continue current partnership cadence. Perform standard quarterly reviews.,Low
SUP000119,Schedule formal compliance and regulatory audit checklist reviews.,High
SUP000120,Continue current partnership cadence. Perform standard quarterly reviews.,Low
SUP000121,Continue current partnership cadence. Perform standard quarterly reviews.,Low
SUP000122,Schedule formal compliance and regulatory audit checklist reviews.,High
SUP000123,Continue current partnership cadence. Perform standard quarterly reviews.,Low
SUP000124,Continue current partnership cadence. Perform standard quarterly reviews.,Low
SUP000125,Conduct standard monitoring. Maintain standard delivery safety stocks.,Low
SUP000126,Continue current partnership cadence. Perform standard quarterly reviews.,Low
SUP000127,Conduct standard monitoring. Maintain standard delivery safety stocks.,Medium
SUP000128,Continue current partnership cadence. Perform standard quarterly reviews.,Low
SUP000129,Continue current partnership cadence. Perform standard quarterly reviews.,Low
SUP000130,Continue current partnership cadence. Perform standard quarterly reviews.,Low
SUP000131,Conduct standard monitoring. Maintain standard delivery safety stocks.,Medium
SUP000132,Continue current partnership cadence. Perform standard quarterly reviews.,Low
SUP000133,Reduce financial dependency. Consider onboarding secondary options. Increase safety inventory buffer by 15-20% to mitigate transportation delays. Increase product batch quality inspections. Demand corrective actions plan.,High
SUP000134,Reduce financial dependency. Consider onboarding secondary options. Increase product batch quality inspections. Demand corrective actions plan.,Low
SUP000135,Schedule formal compliance and regulatory audit checklist reviews.,High
SUP000136,Schedule formal compliance and regulatory audit checklist reviews.,High
SUP000137,Continue current partnership cadence. Perform standard quarterly reviews.,Low
SUP000138,Continue current partnership cadence. Perform standard quarterly reviews.,Low
SUP000139,Reduce financial dependency. Consider onboarding secondary options. Increase safety inventory buffer by 15-20% to mitigate transportation delays. Increase product batch quality inspections. Demand corrective actions plan. Schedule formal compliance and regulatory audit checklist reviews.,High
SUP000140,Increase product batch quality inspections. Demand corrective actions plan.,High
SUP000141,Continue current partnership cadence. Perform standard quarterly reviews.,Low
SUP000142,Continue current partnership cadence. Perform standard quarterly reviews.,Low
SUP000143,Continue current partnership cadence. Perform standard quarterly reviews.,Low
SUP000144,Reduce financial dependency. Consider onboarding secondary options. Increase safety inventory buffer by 15-20% to mitigate transportation delays. Increase product batch quality inspections. Demand corrective actions plan.,High
SUP000145,Continue current partnership cadence. Perform standard quarterly reviews.,Low
SUP000146,Continue current partnership cadence. Perform standard quarterly reviews.,Low
SUP000147,Continue current partnership cadence. Perform standard quarterly reviews.,Low
SUP000148,Continue current partnership cadence. Perform standard quarterly reviews.,Low
SUP000149,Reduce financial dependency. Consider onboarding secondary options. Increase safety inventory buffer by 15-20% to mitigate transportation delays. Increase product batch quality inspections. Demand corrective actions plan.,High
SUP000150,Continue current partnership cadence. Perform standard quarterly reviews.,Low
SUP000151,Continue current partnership cadence. Perform standard quarterly reviews.,Low
SUP000152,Continue current partnership cadence. Perform standard quarterly reviews.,Low
SUP000153,Continue current partnership cadence. Perform standard quarterly reviews.,Low
SUP000154,Reduce financial dependency. Consider onboarding secondary options. Increase safety inventory buffer by 15-20% to mitigate transportation delays. Increase product batch quality inspections. Demand corrective actions plan.,High
SUP000155,Reduce financial dependency. Consider onboarding secondary options. Increase safety inventory buffer by 15-20% to mitigate transportation delays. Increase product batch quality inspections. Demand corrective actions plan.,High
SUP000156,Continue current partnership cadence. Perform standard quarterly reviews.,Low
SUP000157,Continue current partnership cadence. Perform standard quarterly reviews.,Low
SUP000158,Reduce financial dependency. Consider onboarding secondary options.,Medium
SUP000159,Continue current partnership cadence. Perform standard quarterly reviews.,Low
SUP000160,Continue current partnership cadence. Perform standard quarterly reviews.,Low
SUP000161,Schedule formal compliance and regulatory audit checklist reviews.,High
SUP000162,Continue current partnership cadence. Perform standard quarterly reviews.,Low
SUP000163,Schedule formal compliance and regulatory audit checklist reviews.,High
SUP000164,Schedule formal compliance and regulatory audit checklist reviews.,High
SUP000165,Continue current partnership cadence. Perform standard quarterly reviews.,Low
SUP000166,Continue current partnership cadence. Perform standard quarterly reviews.,Low
SUP000167,Continue current partnership cadence. Perform standard quarterly reviews.,Low
SUP000168,Continue current partnership cadence. Perform standard quarterly reviews.,Low
SUP000169,Schedule formal compliance and regulatory audit checklist reviews.,High
SUP000170,Schedule formal compliance and regulatory audit checklist reviews.,High
SUP000171,Continue current partnership cadence. Perform standard quarterly reviews.,Low
SUP000172,Continue current partnership cadence. Perform standard quarterly reviews.,Low
SUP000173,Schedule formal compliance and regulatory audit checklist reviews.,High
SUP000174,Continue current partnership cadence. Perform standard quarterly reviews.,Low
SUP000175,Continue current partnership cadence. Perform standard quarterly reviews.,Low
SUP000176,Continue current partnership cadence. Perform standard quarterly reviews.,Low
SUP000177,Continue current partnership cadence. Perform standard quarterly reviews.,Low
SUP000178,Reduce financial dependency. Consider onboarding secondary options. Increase product batch quality inspections. Demand corrective actions plan.,Low
SUP000179,Continue current partnership cadence. Perform standard quarterly reviews.,Low
SUP000180,Schedule formal compliance and regulatory audit checklist reviews.,High
SUP000181,Continue current partnership cadence. Perform standard quarterly reviews.,Low
SUP000182,Continue current partnership cadence. Perform standard quarterly reviews.,Low
SUP000183,Continue current partnership cadence. Perform standard quarterly reviews.,Low
SUP000184,Continue current partnership cadence. Perform standard quarterly reviews.,Low
SUP000185,Continue current partnership cadence. Perform standard quarterly reviews.,Low
SUP000186,Increase product batch quality inspections. Demand corrective actions plan.,High
SUP000187,Continue current partnership cadence. Perform standard quarterly reviews.,Low
SUP000188,Conduct standard monitoring. Maintain standard delivery safety stocks.,Low
SUP000189,Continue current partnership cadence. Perform standard quarterly reviews.,Low
SUP000190,Reduce financial dependency. Consider onboarding secondary options. Increase product batch quality inspections. Demand corrective actions plan.,High
SUP000191,Continue current partnership cadence. Perform standard quarterly reviews.,Low
SUP000192,Increase product batch quality inspections. Demand corrective actions plan.,Medium
SUP000193,Continue current partnership cadence. Perform standard quarterly reviews.,Low
SUP000194,Reduce financial dependency. Consider onboarding secondary options.,Medium
SUP000195,Reduce financial dependency. Consider onboarding secondary options. Increase product batch quality inspections. Demand corrective actions plan.,Medium
SUP000196,Schedule formal compliance and regulatory audit checklist reviews.,High
SUP000197,Continue current partnership cadence. Perform standard quarterly reviews.,Low
SUP000198,Schedule formal compliance and regulatory audit checklist reviews.,High
SUP000199,Continue current partnership cadence. Perform standard quarterly reviews.,Low
SUP000200,Reduce financial dependency. Consider onboarding secondary options. Increase product batch quality inspections. Demand corrective actions plan.,High
